id,firstname,lastname,email,profession
1,Jasmina,Linskey,Jasmina.Linskey@yopmail.com,firefighter
2,Angela,Lay,Angela.Lay@yopmail.com,firefighter
3,Roxane,Carbo,Roxane.Carbo@yopmail.com,doctor
4,Joy,Lay,Joy.Lay@yopmail.com,worker
5,Ricky,Buttaro,Ricky.Buttaro@yopmail.com,worker
6,Mady,Daveta,Mady.Daveta@yopmail.com,police officer
7,Hyacinthe,Leonard,Hyacinthe.Leonard@yopmail.com,developer
8,Dyann,Valoniah,Dyann.Valoniah@yopmail.com,police officer
9,Mellicent,Ovid,Mellicent.Ovid@yopmail.com,doctor
10,Margalo,Nahum,Margalo.Nahum@yopmail.com,developer
11,Tamqrah,Bettine,Tamqrah.Bettine@yopmail.com,developer
12,Lorenza,Halsey,Lorenza.Halsey@yopmail.com,firefighter
13,Glynnis,Shuler,Glynnis.Shuler@yopmail.com,firefighter
14,Claresta,Creamer,Claresta.Creamer@yopmail.com,worker
15,Sindee,Jess,Sindee.Jess@yopmail.com,police officer
16,Roz,Ferrell,Roz.Ferrell@yopmail.com,police officer
17,Britte,Norvol,Britte.Norvol@yopmail.com,doctor
18,Pollyanna,Vanni,Pollyanna.Vanni@yopmail.com,doctor
19,Halette,Rolf,Halette.Rolf@yopmail.com,developer
20,Vinita,Means,Vinita.Means@yopmail.com,worker
21,Emylee,Erskine,Emylee.Erskine@yopmail.com,developer
22,Mara,Etom,Mara.Etom@yopmail.com,firefighter
23,Agnese,Deny,Agnese.Deny@yopmail.com,police officer
24,Tonia,Lilas,Tonia.Lilas@yopmail.com,worker
25,Dorice,Elo,Dorice.Elo@yopmail.com,developer
26,Genovera,Alarise,Genovera.Alarise@yopmail.com,worker
27,Kristan,Philipp,Kristan.Philipp@yopmail.com,police officer
28,Fayre,Pandolfi,Fayre.Pandolfi@yopmail.com,worker
29,Minne,Atonsah,Minne.Atonsah@yopmail.com,developer
30,Blinni,Jobi,Blinni.Jobi@yopmail.com,developer
31,Brietta,Cosenza,Brietta.Cosenza@yopmail.com,worker
32,Mariele,Kristi,Mariele.Kristi@yopmail.com,firefighter
33,Lynde,Baudin,Lynde.Baudin@yopmail.com,firefighter
34,Brandise,Ramona,Brandise.Ramona@yopmail.com,doctor
35,Gusty,Phyllis,Gusty.Phyllis@yopmail.com,worker
36,Corina,Carey,Corina.Carey@yopmail.com,doctor
37,Tarra,Odysseus,Tarra.Odysseus@yopmail.com,worker
38,Meriel,Bahr,Meriel.Bahr@yopmail.com,police officer
39,Cassondra,Christine,Cassondra.Christine@yopmail.com,doctor
40,Renie,Bergman,Renie.Bergman@yopmail.com,worker
41,Chloris,Delacourt,Chloris.Delacourt@yopmail.com,developer
42,Nadine,Oscar,Nadine.Oscar@yopmail.com,developer
43,Mary,Wilona,Mary.Wilona@yopmail.com,worker
44,Camile,Stevy,Camile.Stevy@yopmail.com,doctor
45,Malina,Fabiola,Malina.Fabiola@yopmail.com,firefighter
46,Dione,Gwenore,Dione.Gwenore@yopmail.com,doctor
47,Carly,Stuart,Carly.Stuart@yopmail.com,firefighter
48,Wendi,Crudden,Wendi.Crudden@yopmail.com,developer
49,Carly,Old,Carly.Old@yopmail.com,developer
50,Christian,O'Neill,Christian.O'Neill@yopmail.com,developer